epoch,step,test_acc,test_loss
0,0,0.6408571600914001,1.2266737222671509
