epoch,step,test_acc,test_loss
0,0,0.3488692343235016,1.3784013986587524
