epoch,step,test_acc
0,0,0.8823436498641968
40,13320,0.8823436498641968
